date,high,low,close,price_change,最近N1个交易日的最高点,最近N2个交易日的最低点,当天的仓位,资金指数
2017-10-24,17.84,17.53,17.79,0.21,17.84,17.53,,
2017-10-23,17.8,17.55,17.58,-0.2,17.84,17.53,,
2017-10-20,17.9,17.68,17.78,-0.01,17.9,17.53,,
2017-10-19,18.01,17.75,17.79,-0.26,18.01,17.53,,
2017-10-18,18.07,17.78,18.05,0.15,18.07,17.53,,
2017-10-17,18.04,17.88,17.9,-0.07,18.07,17.53,1.0,13.6733057851
2017-10-16,18.23,17.95,17.97,-0.03,18.23,17.53,1.0,13.2631066116
2017-10-13,18.1,17.93,18.0,0.0,18.23,17.53,1.0,13.2631066116
2017-10-12,18.1,17.92,18.0,-0.05,18.23,17.53,1.0,12.599951281
2017-10-11,18.23,18.01,18.05,-0.18,18.23,17.53,1.0,10.3319600504
2017-10-10,18.25,17.98,18.23,0.12,18.25,17.53,1.0,11.5717952565
2017-10-09,18.76,18.07,18.11,-0.08,18.76,17.53,1.0,10.6460516359
2017-09-29,18.35,18.03,18.19,0.16,18.76,17.53,1.0,12.3494198977
2017-09-28,18.08,17.95,18.03,0.0,18.76,17.53,1.0,12.3494198977
2017-09-27,18.14,17.89,18.03,0.03,18.76,17.53,1.0,12.7199024946
2017-09-26,18.11,17.96,18.0,-0.08,18.76,17.53,1.0,11.7023102951
2017-09-25,18.17,17.91,18.08,-0.06,18.76,17.53,1.0,11.0001716774
2017-09-22,18.22,17.81,18.14,0.03,18.76,17.53,1.0,11.3301768277
2017-09-21,18.35,18.09,18.11,-0.01,18.76,17.53,1.0,11.2168750594
2017-09-20,18.26,18.08,18.12,-0.04,18.76,17.53,1.0,10.768200057
2017-09-19,18.48,18.08,18.16,-0.22,18.76,17.55,1.0,8.39919604448
2017-09-18,18.44,18.07,18.38,0.35,18.76,17.68,1.0,11.33891466
2017-09-15,18.14,17.78,18.03,0.06,18.76,17.75,1.0,12.0192495396
2017-09-14,18.2,17.88,17.97,0.08,18.76,17.78,1.0,12.9807895028
2017-09-13,17.99,17.81,17.89,-0.02,18.76,17.78,1.0,12.7211737128
2017-09-12,18.22,17.81,17.91,0.13,18.76,17.78,1.0,14.3749262954
2017-09-11,17.97,17.66,17.78,0.01,18.76,17.66,1.0,14.5186755584
2017-09-08,18.03,17.72,17.77,-0.18,18.76,17.66,1.0,11.9053139579
2017-09-07,18.28,17.93,17.95,-0.16,18.76,17.66,1.0,10.0004637246
2017-09-06,18.18,17.89,18.11,-0.08,18.76,17.66,1.0,9.20042662664
2017-09-05,18.35,18.14,18.19,0.01,18.76,17.66,1.0,9.29243089291
2017-09-04,18.35,18.1,18.18,-0.12,18.48,17.66,1.0,8.17733918576
2017-09-01,18.5,18.15,18.3,0.07,18.5,17.66,1.0,8.74975292876
2017-08-31,18.35,17.98,18.23,0.21,18.5,17.66,1.0,10.5872010438
2017-08-30,18.52,17.98,18.02,0.02,18.52,17.66,1.0,10.7989450647
2017-08-29,18.29,17.89,18.0,-0.2,18.52,17.66,1.0,8.63915605174
2017-08-28,18.5,17.27,18.2,1.06,18.52,17.27,1.0,17.7966614666
2017-08-25,17.15,16.6,17.14,0.49,18.52,16.6,1.0,26.5170255852
2017-08-24,16.93,16.64,16.65,-0.26,18.52,16.6,0.0,26.5170255852
2017-08-23,17.08,16.73,16.91,0.14,18.52,16.6,0.0,26.5170255852
2017-08-22,16.87,16.7,16.77,-0.04,18.52,16.6,0.0,26.5170255852
2017-08-21,16.82,16.63,16.81,0.11,18.52,16.6,0.0,26.5170255852
2017-08-18,16.84,16.68,16.7,-0.11,18.52,16.6,0.0,26.5170255852
2017-08-17,17.18,17.03,17.16,0.08,18.52,16.6,0.0,26.5170255852
2017-08-16,17.14,16.9,17.08,0.06,18.52,16.6,0.0,26.5170255852
2017-08-15,17.15,16.95,17.02,-0.03,18.52,16.6,0.0,26.5170255852
2017-08-14,17.1,16.76,17.05,0.18,18.52,16.6,0.0,26.5170255852
2017-08-11,17.13,16.85,16.87,-0.35,18.52,16.6,0.0,26.5170255852
2017-08-10,17.25,16.96,17.22,0.09,18.52,16.6,0.0,26.5170255852
2017-08-09,17.3,17.07,17.13,-0.21,18.52,16.6,0.0,26.5170255852
2017-08-08,17.52,17.13,17.34,0.03,18.52,16.6,0.0,26.5170255852
2017-08-07,17.51,17.27,17.31,-0.25,18.52,16.6,0.0,26.5170255852
2017-08-04,17.86,17.38,17.56,0.06,18.52,16.6,0.0,26.5170255852
2017-08-03,17.77,17.47,17.5,-0.15,18.52,16.6,0.0,26.5170255852
2017-08-02,17.85,17.48,17.65,0.09,18.5,16.6,0.0,26.5170255852
2017-08-01,17.65,17.36,17.56,0.21,18.5,16.6,0.0,26.5170255852
2017-07-31,17.48,17.21,17.35,0.07,17.86,16.6,0.0,26.5170255852
2017-07-28,17.4,17.25,17.28,-0.15,17.86,16.63,0.0,26.5170255852
2017-07-27,17.56,17.21,17.43,-0.08,17.86,16.63,0.0,26.5170255852
2017-07-26,17.57,17.35,17.51,0.09,17.86,16.63,0.0,26.5170255852
2017-07-25,17.61,17.34,17.42,-0.09,17.86,16.63,0.0,26.5170255852
2017-07-24,17.69,17.46,17.51,-0.01,17.86,16.68,0.0,26.5170255852
2017-07-21,17.69,17.44,17.52,-0.09,17.86,16.76,0.0,26.5170255852
2017-07-20,17.83,17.46,17.61,-0.17,17.86,16.76,0.0,26.5170255852
2017-07-19,17.8,16.73,17.78,0.96,17.86,16.73,0.0,26.5170255852
2017-07-18,17.01,16.64,16.82,-0.18,17.86,16.64,0.0,26.5170255852
2017-07-17,17.45,16.97,17.0,-0.38,17.86,16.64,0.0,26.5170255852
2017-07-14,17.52,17.3,17.38,-0.11,17.86,16.64,0.0,26.5170255852
2017-07-13,17.53,17.17,17.49,0.26,17.86,16.64,0.0,26.5170255852
2017-07-12,17.4,17.11,17.23,0.07,17.86,16.64,0.0,26.5170255852
2017-07-11,17.43,17.02,17.16,0.15,17.86,16.64,0.0,26.5170255852
2017-07-10,17.23,16.91,17.01,0.06,17.86,16.64,0.0,26.5170255852
2017-07-07,17.05,16.6,16.95,0.22,17.85,16.6,0.0,26.5170255852
2017-07-06,16.93,16.65,16.73,-0.14,17.85,16.6,0.0,26.5170255852
2017-07-05,16.89,16.7,16.87,0.14,17.83,16.6,0.0,26.5170255852
2017-07-04,16.89,16.68,16.73,-0.18,17.83,16.6,0.0,26.5170255852
2017-07-03,17.05,16.78,16.91,-0.11,17.83,16.6,0.0,26.5170255852
2017-06-30,17.11,16.82,17.02,-0.07,17.83,16.6,0.0,26.5170255852
2017-06-29,17.19,16.98,17.09,0.0,17.83,16.6,0.0,26.5170255852
2017-06-28,17.27,17.01,17.09,-0.02,17.83,16.6,0.0,26.5170255852
2017-06-27,17.28,17.06,17.11,-0.15,17.83,16.6,0.0,26.5170255852
2017-06-26,17.41,16.9,17.26,0.32,17.83,16.6,0.0,26.5170255852
2017-06-23,16.95,16.71,16.94,0.04,17.83,16.6,0.0,26.5170255852
2017-06-22,17.18,16.67,16.9,0.13,17.8,16.6,0.0,26.5170255852
2017-06-21,17.16,16.68,16.77,0.09,17.53,16.6,0.0,26.5170255852
2017-06-20,16.77,16.58,16.68,-0.03,17.53,16.58,0.0,26.5170255852
2017-06-19,16.72,16.25,16.71,0.4,17.53,16.25,0.0,26.5170255852
2017-06-16,16.56,16.29,16.31,-0.15,17.53,16.25,0.0,26.5170255852
2017-06-15,16.54,16.32,16.46,0.11,17.43,16.25,0.0,26.5170255852
2017-06-14,16.45,16.29,16.35,-0.07,17.43,16.25,0.0,26.5170255852
2017-06-13,16.51,16.31,16.42,-0.01,17.41,16.25,0.0,26.5170255852
2017-06-12,16.73,16.3,16.43,-0.14,17.41,16.25,0.0,26.5170255852
2017-06-09,16.75,16.43,16.57,0.13,17.41,16.25,0.0,26.5170255852
2017-06-08,16.48,16.32,16.44,0.07,17.41,16.25,0.0,26.5170255852
2017-06-07,16.48,16.23,16.37,0.12,17.41,16.23,0.0,26.5170255852
2017-06-06,16.32,16.13,16.25,0.04,17.41,16.13,0.0,26.5170255852
2017-06-05,16.42,16.16,16.21,-0.17,17.41,16.13,0.0,26.5170255852
2017-06-02,16.55,16.33,16.38,0.01,17.41,16.13,0.0,26.5170255852
2017-06-01,16.57,16.35,16.37,-0.07,17.41,16.13,0.0,26.5170255852
2017-05-31,16.76,16.28,16.44,0.05,17.41,16.13,0.0,26.5170255852
2017-05-26,16.68,16.29,16.39,-0.02,17.41,16.13,0.0,26.5170255852
2017-05-25,16.45,15.65,16.41,0.62,17.18,15.65,0.0,26.5170255852
2017-05-24,15.82,15.63,15.79,0.06,17.18,15.63,0.0,26.5170255852
2017-05-23,15.84,15.48,15.73,0.18,17.16,15.48,0.0,26.5170255852
2017-05-22,15.73,15.49,15.55,-0.16,16.77,15.48,0.0,26.5170255852
2017-05-19,15.78,15.67,15.71,0.03,16.76,15.48,0.0,26.5170255852
2017-05-18,15.86,15.68,15.68,-0.16,16.76,15.48,0.0,26.5170255852
2017-05-17,16.04,15.82,15.84,0.0,16.76,15.48,0.0,26.5170255852
2017-05-16,15.88,15.7,15.84,0.03,16.76,15.48,0.0,26.5170255852
2017-05-15,15.98,15.67,15.81,0.16,16.76,15.48,0.0,26.5170255852
2017-05-12,15.74,15.48,15.65,0.13,16.76,15.48,0.0,26.5170255852
2017-05-11,15.61,15.25,15.52,0.04,16.76,15.25,0.0,26.5170255852
2017-05-10,15.65,15.47,15.48,-0.12,16.76,15.25,0.0,26.5170255852
2017-05-09,15.71,15.58,15.6,-0.06,16.76,15.25,0.0,26.5170255852
2017-05-08,15.81,15.48,15.66,-0.12,16.76,15.25,0.0,26.5170255852
2017-05-05,16.09,15.54,15.78,-0.28,16.76,15.25,0.0,26.5170255852
2017-05-04,16.16,16.01,16.06,0.01,16.76,15.25,0.0,26.5170255852
2017-05-03,16.18,15.99,16.05,-0.06,16.76,15.25,0.0,26.5170255852
2017-05-02,16.26,16.09,16.11,-0.12,16.76,15.25,0.0,26.5170255852
2017-04-28,16.29,16.15,16.23,0.0,16.68,15.25,0.0,26.5170255852
2017-04-27,16.25,16.1,16.23,0.03,16.45,15.25,0.0,26.5170255852
2017-04-26,16.34,16.05,16.2,0.08,16.34,15.25,0.0,26.5170255852
2017-04-25,16.25,16.11,16.12,-0.18,16.34,15.25,0.0,26.5170255852
2017-04-24,16.34,16.04,16.3,0.05,16.34,15.25,0.0,26.5170255852
2017-04-21,16.26,16.04,16.25,0.15,16.34,15.25,0.0,26.5170255852
2017-04-20,16.11,15.95,16.1,0.05,16.34,15.25,0.0,26.5170255852
2017-04-19,16.06,15.86,16.05,0.02,16.34,15.25,0.0,26.5170255852
2017-04-18,16.21,16.02,16.03,-0.15,16.34,15.25,0.0,26.5170255852
2017-04-17,16.23,16.02,16.18,0.0,16.34,15.25,0.0,26.5170255852
2017-04-14,16.31,16.09,16.18,-0.11,16.34,15.25,0.0,26.5170255852
2017-04-13,16.35,16.24,16.29,-0.08,16.35,15.25,0.0,26.5170255852
2017-04-12,16.49,16.24,16.37,0.1,16.49,15.47,0.0,26.5170255852
2017-04-11,16.29,16.06,16.27,0.03,16.49,15.48,1.0,27.3125363528
2017-04-10,16.38,16.22,16.24,-0.04,16.49,15.48,1.0,26.2200348987
2017-04-07,16.32,16.17,16.28,0.04,16.49,15.54,1.0,27.2688362946
2017-04-06,16.32,16.22,16.24,-0.05,16.49,15.86,1.0,25.9053944799
2017-04-05,16.33,16.12,16.29,0.18,16.49,15.86,1.0,30.5683654863
2017-03-31,16.14,16.0,16.11,0.04,16.49,15.86,1.0,31.7911001057
2017-03-30,16.19,15.99,16.07,-0.07,16.49,15.86,1.0,29.5657230983
2017-03-29,16.25,16.12,16.14,-0.05,16.49,15.86,1.0,28.0874369434
2017-03-28,16.33,16.17,16.19,-0.07,16.49,15.86,1.0,26.1213163574
2017-03-27,16.39,16.23,16.26,-0.03,16.49,15.86,1.0,25.3376768666
2017-03-24,16.37,16.06,16.29,0.14,16.49,15.86,1.0,28.884951628
2017-03-23,16.2,16.05,16.15,0.08,16.49,15.86,1.0,31.1957477582
2017-03-22,16.2,16.03,16.07,-0.15,16.49,15.86,1.0,26.5163855945
2017-03-21,16.34,16.18,16.22,-0.08,16.49,15.86,1.0,24.3950747469
2017-03-20,16.36,16.22,16.3,-0.01,16.49,15.99,1.0,24.1511239994
2017-03-17,16.64,16.3,16.31,-0.27,16.64,15.99,1.0,17.6303205196
2017-03-16,16.6,16.35,16.58,0.28,16.64,15.99,1.0,22.5668102651
2017-03-15,16.37,16.26,16.3,-0.07,16.64,15.99,1.0,20.9871335465
2017-03-14,16.41,16.31,16.37,0.03,16.64,15.99,1.0,21.6167475529
2017-03-13,16.35,16.12,16.34,0.1,16.64,15.99,1.0,23.7784223082
2017-03-10,16.36,16.23,16.24,-0.09,16.64,15.99,1.0,21.6383643005
2017-03-09,16.38,16.22,16.33,-0.04,16.64,15.99,1.0,20.7728297285
2017-03-08,16.44,16.33,16.37,-0.08,16.64,15.99,1.0,19.1110033502
2017-03-07,16.47,16.35,16.45,0.02,16.64,15.99,1.0,19.4932234172
2017-03-06,16.44,16.31,16.43,0.06,16.64,15.99,1.0,20.6628168222
2017-03-03,16.45,16.29,16.37,-0.09,16.64,15.99,1.0,18.8031633082
2017-03-02,16.77,16.45,16.46,-0.08,16.77,16.03,1.0,17.2989102436
2017-03-01,16.66,16.52,16.54,-0.01,16.77,16.03,1.0,17.1259211411
2017-02-28,16.6,16.49,16.55,0.01,16.77,16.03,1.0,17.2971803525
2017-02-27,16.72,16.5,16.54,-0.17,16.77,16.03,1.0,14.3566596926
2017-02-24,16.73,16.59,16.71,0.05,16.77,16.03,1.0,15.0744926772
2017-02-23,16.81,16.62,16.66,-0.14,16.81,16.03,1.0,12.9640637024
2017-02-22,16.93,16.71,16.8,-0.11,16.93,16.12,1.0,11.5380166952
2017-02-21,17.1,16.83,16.91,0.03,17.1,16.12,1.0,11.884157196
2017-02-20,16.92,16.58,16.88,0.21,17.1,16.12,1.0,14.3798302072
2017-02-17,17.08,16.62,16.67,-0.05,17.1,16.12,1.0,13.6608386968
2017-02-16,16.74,16.51,16.72,0.16,17.1,16.12,1.0,15.8465728883
2017-02-15,16.77,16.53,16.56,-0.08,17.1,16.12,1.0,14.5788470572
2017-02-14,16.81,16.57,16.64,-0.05,17.1,16.12,1.0,13.8499047044
2017-02-13,16.83,16.65,16.69,0.02,17.1,16.22,1.0,14.1269027985
2017-02-10,16.76,16.51,16.67,0.16,17.1,16.22,1.0,16.3872072462
2017-02-09,16.66,16.45,16.51,-0.01,17.1,16.29,1.0,16.2233351738
2017-02-08,16.6,16.19,16.52,0.22,17.1,16.19,1.0,19.792468912
2017-02-07,16.36,16.24,16.3,-0.04,17.1,16.19,1.0,19.0007701555
2017-02-06,16.43,16.26,16.34,-0.03,17.1,16.19,1.0,18.4307470508
2017-02-03,16.55,16.36,16.37,-0.11,17.1,16.19,1.0,16.4033648752
2017-01-26,16.56,16.43,16.48,0.09,17.1,16.19,1.0,17.879667714
2017-01-25,16.39,16.32,16.39,0.01,17.1,16.19,1.0,18.0584643912
2017-01-24,16.46,16.35,16.38,-0.06,17.1,16.19,1.0,16.9749565277
2017-01-23,16.59,16.4,16.44,0.03,17.1,16.19,1.0,17.4842052235
2017-01-20,16.43,16.25,16.41,0.14,17.1,16.19,1.0,19.9319939548
2017-01-19,16.39,16.23,16.27,0.0,17.1,16.19,1.0,19.9319939548
2017-01-18,16.43,16.18,16.27,0.01,17.1,16.18,1.0,20.1313138944
2017-01-17,16.32,16.12,16.26,-0.1,17.08,16.12,1.0,18.1181825049
2017-01-16,16.43,16.02,16.36,0.15,17.08,16.02,1.0,20.8359098807
2017-01-13,16.35,16.02,16.21,0.06,16.83,16.02,1.0,22.0860644735
2017-01-12,16.28,16.09,16.15,0.05,16.83,16.02,1.0,23.1903676972
2017-01-11,16.24,16.1,16.1,-0.01,16.83,16.02,1.0,22.9584640202
2017-01-10,16.21,16.02,16.11,0.04,16.83,16.02,1.0,23.876802581
2017-01-09,16.12,15.97,16.07,0.06,16.76,15.97,1.0,25.3094107359
2017-01-06,16.17,15.99,16.01,-0.14,16.66,15.97,1.0,21.7660932328
2017-01-05,16.26,16.12,16.15,-0.07,16.6,15.97,1.0,20.2424667065
2017-01-04,16.27,16.13,16.22,0.03,16.59,15.97,1.0,20.8497407077
2017-01-03,16.23,16.04,16.19,0.13,16.59,15.97,1.0,23.5602069998
2016-12-30,16.09,15.92,16.06,0.14,16.59,15.92,1.0,26.8586359797
2016-12-29,16.05,15.91,15.92,-0.1,16.59,15.91,1.0,24.1727723817
2016-12-28,16.08,15.94,16.02,0.0,16.59,15.91,1.0,24.1727723817
2016-12-27,16.16,16.01,16.02,-0.07,16.59,15.91,1.0,22.480678315
2016-12-26,16.13,15.78,16.09,0.1,16.59,15.78,1.0,24.7287461465
2016-12-23,16.15,15.93,15.99,-0.17,16.43,15.78,1.0,20.5248593016
2016-12-22,16.18,16.06,16.16,-0.01,16.43,15.78,1.0,20.3196107086
2016-12-21,16.23,16.06,16.17,0.12,16.43,15.78,1.0,22.7579639936
2016-12-20,16.11,15.9,16.05,-0.04,16.43,15.78,1.0,21.8476454339
2016-12-19,16.14,15.97,16.09,-0.01,16.43,15.78,1.0,21.6291689795
2016-12-16,16.16,16.02,16.1,-0.02,16.35,15.78,1.0,21.1965856
2016-12-15,16.37,16.0,16.12,-0.12,16.37,15.78,1.0,18.652995328
2016-12-14,16.44,16.22,16.24,-0.16,16.44,15.78,1.0,15.6685160755
2016-12-13,16.49,16.3,16.4,-0.05,16.49,15.78,1.0,14.8850902717
2016-12-12,16.8,16.3,16.45,-0.33,16.8,15.78,1.0,9.97301048205
2016-12-09,16.9,16.66,16.78,0.08,16.9,15.78,1.0,10.7708513206
2016-12-08,16.93,16.69,16.7,-0.19,16.93,15.78,1.0,8.7243895697
2016-12-07,16.91,16.73,16.89,0.11,16.93,15.78,1.0,9.68407242236
2016-12-06,16.96,16.74,16.78,-0.07,16.96,15.78,1.0,9.0061873528
2016-12-05,17.19,16.7,16.84,-0.52,17.19,15.78,1.0,4.32296992934
2016-12-02,17.84,17.32,17.35,-0.48,17.84,15.78,1.0,2.24794436326
2016-12-01,17.93,17.6,17.83,0.08,17.93,15.78,1.0,2.42777991232
2016-11-30,18.29,17.65,17.75,-0.21,18.29,15.78,1.0,1.91794613073
2016-11-29,18.2,17.4,17.97,0.36,18.29,15.78,1.0,2.6084067378
2016-11-28,17.85,17.54,17.6,-0.07,18.29,15.9,1.0,2.42581826615
2016-11-25,17.7,17.32,17.68,0.08,18.29,15.9,1.0,2.61988372744
2016-11-24,17.81,17.43,17.6,0.12,18.29,15.9,1.0,2.93426977473
2016-11-23,17.81,17.45,17.47,-0.17,18.29,15.9,1.0,2.43544391303
2016-11-22,17.66,17.38,17.66,0.27,18.29,15.97,1.0,3.09301376955
2016-11-21,17.61,17.13,17.39,0.18,18.29,16.0,1.0,3.64975624807
2016-11-18,17.43,17.18,17.21,-0.24,18.29,16.0,1.0,2.77381474853
2016-11-17,17.48,17.25,17.46,0.0,18.29,16.22,1.0,2.77381474853
2016-11-16,17.58,17.36,17.46,0.01,18.29,16.3,1.0,2.80155289602
2016-11-15,17.73,17.39,17.46,-0.19,18.29,16.3,1.0,2.26925784577
2016-11-14,17.98,17.37,17.66,0.11,18.29,16.66,1.0,2.51887620881
2016-11-11,17.68,16.94,17.55,0.54,18.29,16.69,1.0,3.87906936156
2016-11-10,17.2,16.84,17.01,0.35,18.29,16.7,1.0,5.23674363811
2016-11-09,16.97,16.5,16.67,-0.27,18.29,16.5,1.0,3.82282285582
2016-11-08,17.18,16.88,16.94,0.01,18.29,16.5,0.0,3.82282285582
2016-11-07,17.04,16.84,16.94,0.1,18.29,16.5,0.0,3.82282285582
2016-11-04,17.11,16.77,16.83,-0.03,18.29,16.5,0.0,3.82282285582
2016-11-03,17.2,16.57,16.86,0.23,18.29,16.5,0.0,3.82282285582
2016-11-02,16.89,16.62,16.63,-0.18,18.2,16.5,0.0,3.82282285582
2016-11-01,16.9,16.58,16.81,0.2,17.98,16.5,0.0,3.82282285582
2016-10-31,16.74,16.47,16.62,-0.19,17.98,16.47,0.0,3.82282285582
2016-10-28,17.25,16.78,16.83,0.07,17.98,16.47,0.0,3.82282285582
2016-10-27,16.85,16.66,16.76,-0.05,17.98,16.47,0.0,3.82282285582
2016-10-26,17.0,16.76,16.81,-0.05,17.98,16.47,0.0,3.82282285582
2016-10-25,16.99,16.76,16.86,-0.1,17.98,16.47,0.0,3.82282285582
2016-10-24,17.28,16.6,16.96,0.33,17.98,16.47,0.0,3.82282285582
2016-10-21,16.86,16.46,16.63,0.14,17.98,16.46,0.0,3.82282285582
2016-10-20,16.58,16.46,16.49,-0.03,17.98,16.46,0.0,3.82282285582
2016-10-19,16.69,16.47,16.52,-0.11,17.98,16.46,0.0,3.82282285582
2016-10-18,16.67,16.21,16.63,0.41,17.98,16.21,0.0,3.82282285582
2016-10-17,16.48,16.2,16.23,-0.23,17.68,16.2,0.0,3.82282285582
2016-10-14,16.48,16.31,16.45,0.06,17.28,16.2,0.0,3.82282285582
2016-10-13,16.48,16.35,16.4,-0.03,17.28,16.2,0.0,3.82282285582
2016-10-12,16.51,16.38,16.43,-0.09,17.28,16.2,0.0,3.82282285582
2016-10-11,16.58,16.35,16.51,0.1,17.28,16.2,0.0,3.82282285582
2016-10-10,16.45,16.2,16.41,0.29,17.28,16.2,0.0,3.82282285582
2016-09-30,16.17,16.08,16.12,-0.03,17.28,16.08,0.0,3.82282285582
2016-09-29,16.34,16.09,16.16,0.1,17.28,16.08,0.0,3.82282285582
2016-09-28,16.13,16.02,16.06,-0.07,17.28,16.02,0.0,3.82282285582
2016-09-27,16.15,15.86,16.13,0.21,17.28,15.86,0.0,3.82282285582
2016-09-26,16.14,15.9,15.92,-0.23,17.28,15.86,0.0,3.82282285582
2016-09-23,16.34,16.14,16.16,-0.13,17.28,15.86,0.0,3.82282285582
2016-09-22,16.42,16.27,16.29,0.07,17.28,15.86,0.0,3.82282285582
2016-09-21,16.3,16.14,16.23,0.03,17.28,15.86,0.0,3.82282285582
2016-09-20,16.24,16.1,16.19,-0.04,17.28,15.86,0.0,3.82282285582
2016-09-19,16.28,16.17,16.23,0.04,16.86,15.86,0.0,3.82282285582
2016-09-14,16.3,16.11,16.19,-0.14,16.69,15.86,0.0,3.82282285582
2016-09-13,16.44,16.19,16.33,-0.13,16.69,15.86,0.0,3.82282285582
2016-09-12,16.49,16.17,16.44,-0.28,16.67,15.86,0.0,3.82282285582
2016-09-09,16.86,16.7,16.72,-0.01,16.86,15.86,0.0,3.82282285582
2016-09-08,16.77,16.68,16.73,-0.07,16.86,15.86,1.0,3.55522525591
2016-09-07,16.88,16.75,16.79,-0.05,16.88,15.86,1.0,3.37746399312
2016-09-06,16.88,16.58,16.85,0.04,16.88,15.86,1.0,3.51256255284
2016-09-05,16.98,16.76,16.81,0.01,16.98,15.86,1.0,3.54768817837
2016-09-02,16.94,16.61,16.8,0.13,16.98,15.86,1.0,4.00888764156
2016-09-01,16.89,16.65,16.66,-0.24,16.98,15.86,1.0,3.04675460759
2016-08-31,16.99,16.74,16.91,0.08,16.99,15.86,1.0,3.29049497619
2016-08-30,16.91,16.69,16.82,0.11,16.99,15.86,1.0,3.65244942357
2016-08-29,16.76,16.62,16.72,-0.01,16.99,15.86,1.0,3.61592492934
2016-08-26,16.86,16.7,16.73,-0.07,16.99,15.9,1.0,3.36281018428
2016-08-25,16.84,16.58,16.79,0.08,16.99,16.1,1.0,3.63183499903
2016-08-24,16.87,16.68,16.71,-0.1,16.99,16.1,1.0,3.26865149912
2016-08-23,16.95,16.7,16.82,0.05,16.99,16.1,1.0,3.43208407408
2016-08-22,17.05,16.73,16.78,-0.16,17.05,16.1,1.0,2.88295062223
2016-08-19,17.03,16.76,16.95,-0.02,17.05,16.11,1.0,2.82529160978
2016-08-18,17.74,17.3,17.47,-0.14,17.74,16.11,1.0,2.42975078441
2016-08-17,17.94,17.45,17.62,-0.05,17.94,16.17,1.0,2.30826324519
2016-08-16,18.08,17.57,17.66,-0.35,18.08,16.17,1.0,1.50037110938
2016-08-15,18.72,17.08,17.99,0.84,18.72,16.58,1.0,2.76068284125
2016-08-12,17.17,16.51,17.15,0.62,18.72,16.51,1.0,4.47230620283
2016-08-11,16.77,16.31,16.53,0.19,18.72,16.31,1.0,5.32204438136
2016-08-10,16.47,16.32,16.34,-0.09,18.72,16.31,1.0,4.84306038704
2016-08-09,16.46,16.29,16.42,0.08,18.72,16.29,1.0,5.230505218
2016-08-08,16.35,16.1,16.34,0.1,18.72,16.1,1.0,5.7535557398
2016-08-05,16.4,16.12,16.23,0.02,18.72,16.1,1.0,5.8686268546
2016-08-04,16.25,16.03,16.21,0.06,18.72,16.03,1.0,6.22074446587
2016-08-03,16.22,16.11,16.14,-0.07,18.72,16.03,1.0,5.78529235326
2016-08-02,16.23,16.1,16.2,0.05,18.72,16.03,1.0,6.07455697093
2016-08-01,16.28,16.0,16.15,-0.07,18.72,16.0,1.0,5.64933798296
2016-07-29,16.39,16.19,16.23,-0.08,18.72,16.0,1.0,5.19739094433
2016-07-28,16.5,16.18,16.32,-0.33,18.72,16.0,1.0,3.4822519327
2016-07-27,16.85,16.11,16.63,-0.19,18.72,16.0,1.0,2.82062406549
2016-07-26,16.85,16.53,16.83,0.26,18.72,16.0,1.0,3.55398632251
2016-07-25,16.72,16.49,16.58,-0.04,18.72,16.0,1.0,3.41182686961
2016-07-22,16.76,16.59,16.62,-0.08,18.72,16.0,1.0,3.13888072004
2016-07-21,16.87,16.56,16.7,0.14,18.72,16.0,1.0,3.57832402085
2016-07-20,16.67,16.54,16.56,-0.04,18.72,16.0,1.0,3.43519106001
2016-07-19,16.64,16.41,16.6,0.08,18.72,16.0,1.0,3.71000634482
2016-07-18,16.7,16.46,16.52,-0.3,17.17,16.0,1.0,2.59700444137
2016-07-15,17.05,16.72,16.82,-0.14,17.05,16.0,1.0,2.23342381958
2016-07-14,17.04,16.86,16.97,0.03,17.05,16.0,1.0,2.30042653417
2016-07-13,17.3,16.82,16.93,0.0,17.3,16.0,1.0,2.30042653417
2016-07-12,16.95,16.49,16.94,0.39,17.3,16.0,1.0,3.19759288249
2016-07-11,16.85,16.53,16.54,-0.05,17.3,16.0,1.0,3.03771323837
2016-07-08,16.78,16.54,16.59,-0.01,17.3,16.0,1.0,3.00733610598
2016-07-07,16.72,16.38,16.6,0.05,17.3,16.0,1.0,3.15770291128
2016-07-06,16.65,16.34,16.56,-0.02,17.3,16.0,1.0,3.09454885306
2016-07-05,16.73,16.5,16.58,-0.02,17.3,16.0,1.0,3.03265787599
2016-07-04,16.88,16.01,16.59,0.46,17.3,16.01,1.0,4.42768049895
2016-07-01,16.36,16.11,16.13,-0.1,17.3,16.01,1.0,3.98491244906
2016-06-30,16.4,16.17,16.25,0.09,17.3,16.01,1.0,4.34355456947
2016-06-29,16.37,16.1,16.19,0.0,17.3,16.01,1.0,4.34355456947
2016-06-28,16.35,15.78,16.19,0.25,17.3,15.78,1.0,5.42944321184
2016-06-27,15.96,15.61,15.94,0.25,17.3,15.61,1.0,6.7868040148
2016-06-24,16.15,15.41,15.7,-0.26,17.3,15.41,1.0,5.02223497095
2016-06-23,16.09,15.73,15.96,-0.1,17.3,15.41,1.0,4.52001147386
2016-06-22,16.12,15.7,16.06,0.22,17.3,15.41,1.0,5.51441399811
2016-06-21,16.5,15.75,15.84,0.18,17.3,15.41,1.0,6.50700851777
2016-06-20,15.75,15.5,15.67,0.0,17.3,15.41,1.0,6.50700851777
2016-06-17,16.0,15.62,15.68,0.04,17.3,15.41,1.0,6.76728885848
2016-06-16,15.86,15.56,15.63,-0.29,17.3,15.41,1.0,4.80477508952
2016-06-15,16.14,15.37,15.93,0.23,16.95,15.37,1.0,5.90987336011
2016-06-14,15.79,15.48,15.7,0.09,16.88,15.37,1.0,6.44176196252
2016-06-13,16.25,15.55,15.59,-0.8,16.88,15.37,1.0,1.2883523925
2016-06-08,16.53,16.31,16.4,-0.09,16.88,15.37,1.0,1.17240067718
2016-06-07,16.64,16.43,16.49,0.03,16.88,15.37,1.0,1.20757269749
2016-06-06,16.7,16.42,16.46,-0.16,16.88,15.37,1.0,1.01436106589
2016-06-03,16.88,16.48,16.61,0.01,16.88,15.37,1.0,1.02450467655
2016-06-02,16.71,16.42,16.6,0.03,16.88,15.37,1.0,1.05523981685
2016-06-01,16.94,16.56,16.57,-0.22,16.94,15.37,1.0,0.823087057143
2016-05-31,16.83,15.68,16.8,1.13,16.94,15.37,1.0,1.75317543171
2016-05-30,15.71,15.3,15.68,0.16,16.94,15.3,1.0,2.03368350079
2016-05-27,15.65,15.42,15.52,-0.05,16.94,15.3,1.0,1.93199932575
2016-05-26,15.66,15.34,15.57,0.02,16.94,15.3,1.0,1.97063931226
2016-05-25,15.82,15.54,15.54,0.02,16.94,15.3,1.0,2.01005209851
2016-05-24,15.7,15.51,15.52,-0.21,16.94,15.3,1.0,1.58794115782
2016-05-23,15.93,15.6,15.74,0.05,16.94,15.3,1.0,1.66733821571
2016-05-20,15.72,15.35,15.69,0.16,16.94,15.3,1.0,1.93411233023
2016-05-19,15.68,15.46,15.54,-0.05,16.94,15.3,1.0,1.83740671372
2016-05-18,15.65,15.26,15.59,0.02,16.94,15.26,1.0,1.87415484799
2016-05-17,15.75,15.36,15.57,0.0,16.94,15.26,1.0,1.87415484799
2016-05-16,15.6,15.22,15.57,0.16,16.94,15.22,1.0,2.17401962367
2016-05-13,15.7,15.34,15.4,-0.2,16.94,15.22,1.0,1.73921569894
2016-05-12,15.67,15.16,15.61,0.04,16.94,15.16,1.0,1.80878432689
2016-05-11,15.72,15.51,15.57,-0.03,16.94,15.16,1.0,1.75452079709
2016-05-10,15.75,15.49,15.61,-0.04,16.94,15.16,1.0,1.6843399652
2016-05-09,16.0,15.49,15.65,-0.45,16.94,15.16,1.0,0.926386980861
2016-05-06,16.78,16.08,16.11,-0.62,16.94,15.16,1.0,0.352027052727
2016-05-05,16.76,16.57,16.74,0.03,16.94,15.16,1.0,0.362587864309
2016-05-04,16.85,16.63,16.72,-0.1,16.85,15.16,1.0,0.326329077878
2016-05-03,16.98,16.35,16.81,0.37,16.98,15.16,1.0,0.447070836693
2016-04-29,16.6,16.39,16.45,-0.06,16.98,15.16,1.0,0.420246586492
2016-04-28,16.76,16.3,16.51,-0.1,16.98,15.16,1.0,0.378221927842
2016-04-27,16.88,16.55,16.61,-0.26,16.98,15.16,1.0,0.279884226603
2016-04-26,16.98,16.58,16.88,0.12,16.98,15.16,1.0,0.313470333796
2016-04-25,17.06,16.66,16.77,-0.27,17.06,15.16,1.0,0.228833343671
2016-04-22,17.06,16.73,17.03,0.14,17.06,15.16,1.0,0.260870011785
2016-04-21,17.23,16.86,16.89,-0.33,17.23,15.16,1.0,0.174782907896
2016-04-20,17.48,16.3,17.21,-0.23,17.48,15.16,1.0,0.13458283908
2016-04-19,17.59,17.23,17.44,0.08,17.59,15.16,1.0,0.145349466206
2016-04-18,17.73,17.3,17.36,-0.54,17.73,15.16,1.0,0.0668607544549
2016-04-15,18.01,17.65,17.89,-0.11,18.01,15.16,1.0,0.0595060714648
2016-04-14,18.08,17.77,18.0,0.15,18.08,15.16,1.0,0.0684319821845
2016-04-13,18.28,17.65,17.86,0.52,18.28,15.49,1.0,0.104016612921
2016-04-12,17.49,17.2,17.34,-0.05,18.28,15.49,1.0,0.0988157822745
2016-04-11,17.9,17.37,17.41,0.47,18.28,15.49,1.0,0.145259199943
2016-04-08,17.15,16.8,16.94,-0.39,18.28,16.08,1.0,0.0886081119655
2016-04-07,17.96,17.3,17.32,-0.48,18.28,16.3,1.0,0.0460762182221
2016-04-06,18.03,17.6,17.8,-0.13,18.28,16.3,1.0,0.0400863098532
2016-04-05,18.28,17.51,17.94,0.24,18.28,16.3,1.0,0.049707024218
2016-04-01,17.88,17.26,17.7,-0.1,18.28,16.3,1.0,0.0447363217962
2016-03-31,18.21,17.6,17.81,0.13,18.28,16.3,1.0,0.0505520436297
2016-03-30,17.83,17.35,17.7,0.57,18.28,16.3,1.0,0.0793667084986
2016-03-29,17.35,16.9,17.12,0.05,18.28,16.3,1.0,0.0833350439235
2016-03-28,17.69,17.06,17.08,-0.41,18.28,16.3,1.0,0.0491676759149
2016-03-25,17.66,17.21,17.49,0.08,18.28,16.3,1.0,0.0531010899881
2016-03-24,18.0,17.39,17.43,-0.92,18.28,16.3,1.0,0.00424808719905
2016-03-23,18.48,17.72,18.37,0.38,18.48,16.3,1.0,0.00586236033468
2016-03-22,18.5,17.78,17.99,-0.66,18.5,16.8,1.0,0.00199320251379
2016-03-21,18.65,17.41,18.65,1.7,18.65,16.8,1.0,0.00538164678724
2016-03-18,17.37,16.62,16.96,0.34,18.65,16.62,1.0,0.0072114066949
2016-03-17,16.87,16.09,16.62,0.53,18.65,16.09,1.0,0.0110334522432
2016-03-16,16.26,15.95,16.1,0.09,18.65,15.95,1.0,0.0120264629451
2016-03-15,16.15,15.81,16.01,-0.16,18.65,15.81,1.0,0.0101022288739
2016-03-14,16.65,15.91,16.18,0.23,18.65,15.81,1.0,0.0124257415149
2016-03-11,16.16,15.28,15.96,0.43,18.65,15.28,1.0,0.0177688103663
2016-03-10,15.99,15.5,15.52,-0.48,18.65,15.28,1.0,0.00923978139045
2016-03-09,16.04,15.66,15.97,-0.19,18.65,15.28,1.0,0.00748422292627
2016-03-08,16.18,15.4,16.16,0.18,18.65,15.28,1.0,0.00883138305299
2016-03-07,16.32,15.9,15.98,-0.02,18.65,15.28,1.0,0.00865475539193
2016-03-04,16.16,15.56,15.99,0.07,18.65,15.28,1.0,0.00926058826937
2016-03-03,16.1,15.68,15.9,-0.22,18.65,15.28,1.0,0.00722325885011
2016-03-02,16.25,15.28,16.13,0.8,18.65,15.28,1.0,0.0130018659302
2016-03-01,15.71,14.3,15.34,1.06,18.65,14.3,1.0,0.0267838438162
2016-02-29,14.35,13.6,14.27,-0.12,18.65,13.6,1.0,0.0235697825583
2016-02-26,14.59,14.04,14.39,0.23,18.65,13.6,0.0,0.0235697825583
2016-02-25,15.4,14.0,14.17,-1.25,18.65,13.6,0.0,0.0235697825583
2016-02-24,15.46,14.93,15.42,0.18,18.65,13.6,0.0,0.0235697825583
2016-02-23,15.56,15.05,15.25,-0.33,18.65,13.6,0.0,0.0235697825583
2016-02-22,15.86,15.11,15.58,0.48,17.37,13.6,0.0,0.0235697825583
2016-02-19,15.21,14.85,15.1,0.15,16.87,13.6,0.0,0.0235697825583
2016-02-18,15.52,14.92,14.95,-0.06,16.65,13.6,0.0,0.0235697825583
2016-02-17,15.06,14.66,14.99,0.16,16.65,13.6,0.0,0.0235697825583
2016-02-16,14.95,14.16,14.83,0.85,16.65,13.6,0.0,0.0235697825583
2016-02-15,14.08,13.71,13.98,-0.2,16.32,13.6,0.0,0.0235697825583
2016-02-05,14.5,14.14,14.17,-0.46,16.32,13.6,0.0,0.0235697825583
2016-02-04,14.88,14.49,14.63,0.16,16.32,13.6,0.0,0.0235697825583
2016-02-03,14.56,14.17,14.49,-0.11,16.32,13.6,0.0,0.0235697825583
2016-02-02,14.76,14.09,14.59,0.36,16.32,13.6,0.0,0.0235697825583
2016-02-01,14.5,14.01,14.23,-0.27,16.25,13.6,0.0,0.0235697825583
2016-01-29,14.68,13.62,14.51,0.81,16.25,13.6,0.0,0.0235697825583
2016-01-28,14.28,13.6,13.71,-0.23,16.25,13.6,0.0,0.0235697825583
2016-01-27,14.15,13.45,13.93,0.0,15.86,13.45,0.0,0.0235697825583
2016-01-26,15.25,13.82,13.94,-1.41,15.86,13.45,0.0,0.0235697825583
2016-01-25,15.55,15.17,15.36,0.08,15.86,13.45,0.0,0.0235697825583
2016-01-22,15.47,14.83,15.25,0.15,15.86,13.45,0.0,0.0235697825583
2016-01-21,16.11,15.01,15.16,-0.66,16.11,13.45,0.0,0.0235697825583
2016-01-20,16.25,15.7,15.83,-0.29,16.25,13.45,0.0,0.0235697825583
2016-01-19,16.29,15.51,16.12,0.47,16.29,13.45,0.0,0.0235697825583
2016-01-18,15.95,15.15,15.66,0.11,16.29,13.45,0.0,0.0235697825583
2016-01-15,16.2,15.29,15.55,-0.74,16.29,13.45,0.0,0.0235697825583
2016-01-14,16.37,15.28,16.31,0.42,16.37,13.45,0.0,0.0235697825583
2016-01-13,16.3,15.75,15.89,0.0,16.37,13.45,1.0,0.0235697825583
2016-01-12,16.34,15.7,15.89,0.21,16.37,13.45,1.0,0.0285194368955
2016-01-11,16.48,15.51,15.65,-1.18,16.48,13.45,1.0,-0.00513349864119
2016-01-08,17.44,16.0,16.84,0.5,17.44,13.45,1.0,-0.00770024796178
2016-01-07,17.6,16.2,16.22,-1.71,17.6,13.45,1.0,0.00546717605287
2016-01-06,18.15,17.2,17.93,0.28,18.15,13.45,1.0,0.00699798534767
2016-01-05,17.98,16.63,17.65,0.2,18.15,13.45,1.0,0.0083975824172
2016-01-04,19.29,17.42,17.48,-1.87,19.29,13.45,1.0,-0.00730589670297
2015-12-31,19.83,19.3,19.36,-0.34,19.83,13.45,1.0,-0.00482189182396
2015-12-30,19.84,19.3,19.72,-0.09,19.84,13.45,1.0,-0.0043879215598
2015-12-29,19.85,19.38,19.84,0.28,19.85,13.82,1.0,-0.00561653959655
2015-12-28,21.05,19.5,19.55,-1.24,21.05,14.83,1.0,0.00134796950317
2015-12-25,21.05,20.41,20.77,0.14,21.05,14.83,1.0,0.00153668523361
2015-12-24,21.43,20.22,20.67,-0.48,21.43,15.01,1.0,0.00079907632148
2015-12-23,21.92,19.95,21.16,1.23,21.92,15.15,1.0,0.0017819401969
2015-12-22,20.23,19.44,19.93,0.3,21.92,15.15,1.0,0.00231652225597
2015-12-21,20.24,18.73,19.63,0.77,21.92,15.15,1.0,0.00410024439307
2015-12-18,19.18,18.77,18.87,-0.19,21.92,15.28,1.0,0.00332119795838
2015-12-17,19.31,18.65,19.04,0.42,21.92,15.28,1.0,0.0047161011009
2015-12-16,19.1,18.59,18.62,-0.1,21.92,15.51,1.0,0.00424449099081
2015-12-15,19.27,18.52,18.73,-0.72,21.92,15.51,1.0,0.00118845747743
2015-12-14,19.54,17.51,19.47,1.62,21.92,15.51,1.0,0.00311375859086
2015-12-11,18.21,17.4,17.86,0.04,21.92,16.0,1.0,0.0032383089345
2015-12-10,18.64,17.75,17.83,0.04,21.92,16.2,1.0,0.00336784129188
2015-12-09,18.05,17.52,17.8,0.16,21.92,16.63,1.0,0.00390669589858
2015-12-08,18.11,17.63,17.64,-0.26,21.92,16.63,1.0,0.00289095496495
2015-12-07,18.11,17.75,17.91,-0.33,21.92,17.4,1.0,0.00193693982651
2015-12-04,18.62,18.16,18.24,-0.5,21.92,17.4,1.0,0.000968469913257
2015-12-03,19.14,18.47,18.74,-0.08,21.92,17.4,1.0,0.000890992320196
2015-12-02,19.15,17.65,18.83,1.06,21.92,17.4,1.0,0.0018354441796
2015-12-01,18.1,17.4,17.79,0.16,21.92,17.4,1.0,0.00212911524834
2015-11-30,17.99,17.0,17.63,-0.27,21.92,17.0,1.0,0.00155425413129
2015-11-27,19.28,17.9,17.9,-1.99,21.92,17.0,1.0,-0.00153871158998
2015-11-26,20.6,19.85,19.89,-0.2,21.92,17.0,1.0,-0.00123096927198
2015-11-25,20.3,19.7,20.15,-0.14,20.6,17.0,1.0,-0.0010586335739
2015-11-24,20.64,19.7,20.3,0.2,20.64,17.0,1.0,-0.00127036028868
2015-11-23,21.1,19.98,20.09,-0.44,21.1,17.0,1.0,-0.000711401761663
2015-11-20,21.0,20.28,20.54,-0.53,21.1,17.0,1.0,-0.000334358827982
2015-11-19,21.18,19.98,21.16,0.38,21.18,17.0,1.0,-0.000461415182615
2015-11-18,22.14,20.27,20.78,0.58,22.14,17.0,1.0,-0.000729035988531
2015-11-17,21.29,20.08,20.21,0.31,22.14,17.0,1.0,-0.000955037144976
2015-11-16,20.01,19.42,19.88,-0.38,22.14,17.0,1.0,-0.000592123029885
2015-11-13,20.62,19.71,20.27,0.11,22.14,17.0,1.0,-0.000657256563173
2015-11-12,20.91,20.08,20.19,-0.67,22.14,17.0,1.0,-0.000216894665847
2015-11-11,21.33,20.04,20.87,0.19,22.14,17.0,1.0,-0.000258104652358
2015-11-10,21.79,20.04,20.68,0.29,22.14,17.0,1.0,-0.000332955001542
2015-11-09,21.58,20.2,20.38,-0.12,22.14,17.0,1.0,-0.000293000401357
2015-11-06,20.5,18.27,20.5,1.86,22.14,17.0,1.0,-0.00083798114788
2015-11-05,19.09,17.45,18.63,1.28,22.14,17.0,1.0,-0.00191059701717
2015-11-04,17.35,15.76,17.35,1.58,22.14,15.76,1.0,-0.00492934030429
2015-11-03,15.92,15.53,15.78,0.24,22.14,15.53,1.0,-0.00611238197732
2015-11-02,15.96,15.48,15.58,-0.29,22.14,15.48,1.0,-0.0043397912039
2015-10-30,16.28,15.13,15.86,0.57,22.14,15.13,1.0,-0.00681347219012
2015-10-29,15.47,15.19,15.29,0.04,22.14,15.13,1.0,-0.00708601107772
2015-10-28,15.69,15.19,15.26,-0.48,22.14,15.13,1.0,-0.00368472576042
2015-10-27,15.84,15.12,15.73,-0.12,22.14,15.12,1.0,-0.00324255866917
2015-10-26,16.44,15.73,15.85,0.15,22.14,15.12,1.0,-0.00372894246954
2015-10-23,15.82,15.21,15.68,0.33,22.14,15.12,1.0,-0.00495949348449
2015-10-22,15.4,14.81,15.36,0.41,22.14,14.81,1.0,-0.00699288581313
2015-10-21,16.06,14.78,14.95,-1.07,21.79,14.78,1.0,0.000489502006919
2015-10-20,16.13,15.6,16.04,-0.09,21.79,14.78,1.0,0.000445446826296
2015-10-19,16.68,15.76,16.12,0.23,21.79,14.78,1.0,0.000547899596344
2015-10-16,16.3,15.53,15.9,0.18,21.79,14.78,1.0,0.000646521523686
2015-10-15,15.75,15.19,15.71,0.45,21.79,14.78,1.0,0.000937456209345
2015-10-14,15.83,15.14,15.27,0.01,21.79,14.78,1.0,0.000946830771439
2015-10-13,15.33,15.06,15.27,-0.08,21.58,14.78,1.0,0.000871084309724
2015-10-12,15.66,14.37,15.37,0.88,20.5,14.37,1.0,0.00163763850228
2015-10-09,14.63,14.17,14.48,0.22,19.09,14.17,1.0,0.00199791897278
2015-10-08,14.69,14.2,14.25,0.67,17.35,14.17,1.0,0.00333652468455
2015-09-30,13.99,13.29,13.58,0.24,16.68,13.29,1.0,0.00413729060884
2015-09-29,13.69,13.01,13.35,-0.11,16.68,13.01,0.0,0.00413729060884
2015-09-28,13.48,13.13,13.45,0.15,16.68,13.01,0.0,0.00413729060884
2015-09-25,13.84,13.26,13.3,-0.47,16.68,13.01,0.0,0.00413729060884
2015-09-24,13.85,13.66,13.78,0.14,16.68,13.01,0.0,0.00413729060884
2015-09-23,14.05,13.6,13.65,-0.57,16.68,13.01,0.0,0.00413729060884
2015-09-22,14.68,13.84,14.23,0.29,16.68,13.01,0.0,0.00413729060884
2015-09-21,14.02,13.28,13.93,0.15,16.68,13.01,0.0,0.00413729060884
2015-09-18,14.03,13.62,13.79,-0.04,16.68,13.01,0.0,0.00413729060884
2015-09-17,14.48,13.81,13.83,-0.6,16.68,13.01,0.0,0.00413729060884
2015-09-16,14.87,12.84,14.46,0.94,16.68,12.84,0.0,0.00413729060884
2015-09-15,14.19,13.43,13.52,-0.39,16.68,12.84,0.0,0.00413729060884
2015-09-14,15.13,13.58,13.91,-1.11,16.3,12.84,0.0,0.00413729060884
2015-09-11,15.4,14.92,15.01,-0.14,15.83,12.84,0.0,0.00413729060884
2015-09-10,15.51,15.07,15.13,-0.55,15.83,12.84,0.0,0.00413729060884
2015-09-09,15.79,15.19,15.68,0.44,15.79,12.84,0.0,0.00413729060884
2015-09-08,15.29,14.28,15.24,0.48,15.79,12.84,0.0,0.00413729060884
2015-09-07,15.44,14.7,14.75,-0.12,15.79,12.84,0.0,0.00413729060884
2015-09-02,15.15,14.51,14.86,-0.33,15.79,12.84,0.0,0.00413729060884
2015-09-01,15.31,14.2,15.17,0.1,15.79,12.84,0.0,0.00413729060884
2015-08-31,15.29,14.27,15.08,-0.78,15.79,12.84,0.0,0.00413729060884
2015-08-28,15.96,14.88,15.87,0.49,15.96,12.84,0.0,0.00413729060884
2015-08-27,15.4,14.21,15.39,1.02,15.96,12.84,1.0,0.00835732702985
2015-08-26,15.47,14.08,14.35,-0.39,15.96,12.84,1.0,0.00509796948821
2015-08-25,16.23,14.74,14.74,-1.64,16.23,12.84,1.0,-0.00326270047245
2015-08-24,17.58,16.38,16.38,-1.82,17.58,12.84,1.0,0.00267541438741
2015-08-21,19.84,18.03,18.22,-1.53,19.84,12.84,1.0,-0.00141796962533
2015-08-20,20.48,19.7,19.76,-0.85,20.48,12.84,1.0,-0.000212695443799
2015-08-19,20.68,19.4,20.64,0.32,20.68,12.84,1.0,-0.000280757985815
2015-08-18,22.96,20.15,20.31,-1.67,22.96,12.84,1.0,0.000188107850496
2015-08-17,22.23,21.61,21.98,-0.45,22.96,13.43,1.0,0.000103459317773
2015-08-14,22.78,21.75,22.46,0.58,22.96,13.58,1.0,0.000163465722081
2015-08-13,22.33,21.24,22.16,0.18,22.96,14.08,1.0,0.000192889552056
2015-08-12,22.59,21.6,21.98,-0.13,22.96,14.08,1.0,0.000167813910288
2015-08-11,22.49,21.89,22.12,-0.19,22.96,14.08,1.0,0.000135929267334
2015-08-10,22.31,20.28,22.31,2.03,22.96,14.08,1.0,0.000411865680021
2015-08-07,20.66,19.96,20.28,0.43,22.96,14.08,1.0,0.00058896792243
2015-08-06,20.3,19.73,19.86,-0.44,22.96,14.08,1.0,0.000329822036561
2015-08-05,20.99,20.28,20.3,-0.72,22.96,14.08,1.0,9.2350170237e-05
2015-08-04,21.07,20.36,21.04,0.59,22.96,14.08,1.0,0.000146836770677
2015-08-03,20.82,20.1,20.44,-0.35,22.96,14.08,1.0,9.544390094e-05
2015-07-31,21.1,20.65,20.79,-0.09,22.96,14.08,1.0,8.68539498554e-05
2015-07-30,22.28,20.63,20.86,-1.11,22.96,14.08,1.0,-9.55393448409e-06
2015-07-29,22.15,21.4,21.98,-0.2,22.96,14.74,1.0,-7.64314758727e-06
2015-07-28,22.63,19.96,22.18,0.67,22.96,16.38,1.0,-1.27640564707e-05
2015-07-27,23.65,21.51,21.51,-2.39,23.65,18.03,1.0,1.77420384943e-05
2015-07-24,24.65,23.87,23.9,-0.64,24.65,19.4,1.0,6.38713385796e-06
2015-07-23,24.79,24.0,24.55,0.54,24.79,19.4,1.0,9.83618614126e-06
2015-07-22,24.58,23.87,24.02,-0.43,24.79,19.73,1.0,5.60662610052e-06
2015-07-21,25.13,23.9,24.45,-0.1,25.13,19.73,1.0,5.04596349047e-06
2015-07-20,25.34,24.36,24.56,-0.82,25.34,19.73,1.0,9.08273428284e-07
2015-07-17,25.8,24.11,25.39,0.91,25.8,19.73,1.0,1.73480224802e-06
2015-07-16,25.19,23.7,24.48,-0.23,25.8,19.73,1.0,1.33579773098e-06
2015-07-15,26.08,23.97,24.71,-0.93,26.08,19.73,1.0,9.35058411684e-08
2015-07-14,27.4,25.3,25.65,-1.76,27.4,19.73,1.0,-7.1064439288e-08
2015-07-13,28.56,26.51,27.41,-0.31,28.56,19.73,1.0,-4.90344631087e-08
2015-07-10,28.3,25.01,27.7,1.93,28.56,19.73,1.0,-1.43670976909e-07
2015-07-09,25.77,21.2,25.77,2.34,28.56,19.96,1.0,-4.79861062874e-07
2015-07-08,25.48,23.43,23.43,-2.6,28.56,19.96,1.0,7.67777700599e-07
2015-07-07,26.97,24.5,26.07,-0.6,28.56,19.96,1.0,3.0711108024e-07
2015-07-06,27.47,25.3,26.66,1.69,28.56,19.96,1.0,8.26128805845e-07
2015-07-03,26.54,23.38,24.96,-0.54,28.56,19.96,1.0,3.80019250689e-07
2015-07-02,26.65,24.43,25.5,0.11,28.56,19.96,1.0,4.21821368264e-07
2015-07-01,27.28,25.05,25.38,-1.53,28.56,19.96,1.0,-2.2356532518e-07
2015-06-30,26.95,24.03,26.93,2.33,28.56,21.2,1.0,-7.4447253285e-07
2015-06-29,26.93,23.43,24.58,-1.45,28.56,21.2,1.0,3.35012639782e-07
2015-06-26,29.3,25.79,26.06,-2.59,29.3,21.2,1.0,-5.32670097254e-07
2015-06-25,29.98,28.4,28.65,-0.39,29.98,21.2,1.0,-3.24928759325e-07
2015-06-24,29.56,28.62,29.04,-0.25,29.98,21.2,1.0,-2.43696569494e-07
2015-06-23,29.42,27.5,29.25,0.91,29.98,21.2,1.0,-4.65460447733e-07
2015-06-19,30.37,28.19,28.35,-1.55,30.37,21.2,1.0,2.56003246253e-07
2015-06-18,31.12,29.85,29.93,-1.39,31.12,21.2,1.0,-9.98412660387e-08
2015-06-17,31.44,30.47,31.34,0.1,31.44,21.2,1.0,-1.09825392643e-07
2015-06-16,32.06,30.67,31.27,0.12,32.06,21.2,1.0,-1.2300443976e-07
2015-06-15,32.68,31.06,31.15,-0.84,32.68,21.2,1.0,-1.96807103615e-08
2015-06-12,32.49,31.71,31.99,-0.09,32.68,21.2,1.0,-1.7909446429e-08
2015-06-11,32.68,31.83,32.08,-0.6,32.68,21.2,1.0,-7.1637785716e-09
2015-06-10,33.13,32.49,32.68,-0.52,33.13,23.38,1.0,-3.43861371437e-09
2015-06-09,34.29,32.77,33.2,-0.28,34.29,23.38,1.0,-2.47580187435e-09
2015-06-08,33.65,31.68,33.48,1.59,34.29,23.38,1.0,-6.41232685456e-09
2015-06-05,32.81,31.38,31.89,-0.32,34.29,23.38,1.0,-4.3603822611e-09
2015-06-04,32.56,30.01,32.21,0.52,34.29,23.43,1.0,-6.62778103687e-09
2015-06-03,32.55,31.46,31.69,-0.33,34.29,23.43,1.0,-4.4406132947e-09
2015-06-02,32.48,31.5,32.02,-0.49,34.29,23.43,1.0,-2.2647127803e-09
2015-06-01,33.28,30.0,32.51,2.14,34.29,23.43,1.0,-7.11119813014e-09
2015-05-29,31.39,29.79,30.37,-0.36,34.29,25.79,1.0,-4.55116680329e-09
2015-05-28,33.86,30.69,30.73,-3.2,34.29,27.5,1.0,1.00125669672e-08
2015-05-27,34.65,33.88,33.93,-0.46,34.65,27.5,1.0,5.40678616231e-09
2015-05-26,34.78,33.68,34.39,0.15,34.78,27.5,1.0,6.21780408665e-09
2015-05-25,34.68,33.25,34.24,1.12,34.78,28.19,1.0,1.31817446637e-08
2015-05-22,33.79,32.6,33.12,0.81,34.78,29.79,1.0,2.38589578413e-08
2015-05-21,32.7,32.0,32.31,-0.1,34.78,29.79,1.0,2.14730620572e-08
2015-05-20,33.08,32.23,32.41,-0.6,34.78,29.79,1.0,8.58922482287e-09
2015-05-19,33.55,30.78,33.01,2.03,34.78,29.79,1.0,2.60253512133e-08
2015-05-18,31.68,30.93,30.98,-1.0,34.78,29.79,1.0,0.0
2015-05-15,33.0,31.83,31.98,-1.11,34.78,29.79,1.0,-0.0
2015-05-14,33.73,32.89,33.09,-0.28,34.78,29.79,1.0,-0.0
2015-05-13,34.4,33.16,33.37,-1.03,34.78,29.79,1.0,0.0
2015-05-12,35.29,33.46,34.4,0.44,35.29,29.79,1.0,0.0
2015-05-11,34.0,33.13,33.96,0.64,35.29,29.79,1.0,0.0
2015-05-08,34.2,32.47,33.32,0.16,35.29,29.79,1.0,0.0
2015-05-07,33.85,33.04,33.16,-0.12,35.29,29.79,1.0,0.0
2015-05-06,34.36,32.81,33.28,0.21,35.29,29.79,1.0,0.0
2015-05-05,34.95,32.81,33.07,-0.68,35.29,29.79,1.0,0.0
2015-05-04,34.22,33.35,33.75,-0.61,35.29,29.79,1.0,0.0
2015-04-30,35.35,34.3,34.36,-1.22,35.35,30.69,1.0,-0.0
2015-04-29,35.86,35.1,35.58,0.07,35.86,30.78,1.0,-0.0
2015-04-28,36.5,35.25,35.51,-0.24,36.5,30.78,1.0,-0.0
2015-04-27,36.52,35.39,35.75,0.35,36.52,30.78,1.0,-0.0
2015-04-24,36.28,34.8,35.4,-1.44,36.52,30.78,1.0,0.0
2015-04-23,38.36,36.51,36.84,-0.98,38.36,30.78,1.0,0.0
2015-04-22,38.0,35.03,37.82,2.74,38.36,30.78,1.0,0.0
2015-04-21,35.58,33.35,35.08,1.45,38.36,30.78,1.0,0.0
2015-04-20,35.35,33.6,33.63,-1.51,38.36,30.93,1.0,-0.0
2015-04-17,35.96,34.76,35.14,0.13,38.36,31.83,1.0,-0.0
2015-04-16,35.15,33.51,35.01,0.91,38.36,32.47,1.0,-0.0
2015-04-15,35.31,34.05,34.1,-1.09,38.36,32.47,1.0,0.0
2015-04-14,35.68,34.21,35.19,-0.19,38.36,32.47,1.0,0.0
2015-04-13,36.19,35.02,35.38,-0.46,38.36,32.47,1.0,0.0
2015-04-10,35.98,34.9,35.84,0.07,38.36,32.47,1.0,0.0
2015-04-09,38.4,35.7,35.77,-0.31,38.4,32.81,1.0,0.0
2015-04-08,36.7,34.24,36.08,1.45,38.4,32.81,1.0,0.0
2015-04-07,34.95,34.03,34.63,0.41,38.4,32.81,1.0,0.0
2015-04-03,34.34,33.12,34.22,0.78,38.4,33.12,1.0,0.0
2015-04-02,34.5,32.88,33.44,-0.5,38.4,32.88,1.0,0.0
2015-04-01,34.07,32.86,33.94,1.12,38.4,32.86,1.0,0.0
2015-03-31,34.96,32.7,32.82,-0.09,38.4,32.7,1.0,0.0
2015-03-30,33.14,31.82,32.91,0.79,38.4,31.82,0.0,0.0
2015-03-27,32.75,31.75,32.12,0.1,38.4,31.75,0.0,0.0
2015-03-26,32.99,31.6,32.02,-0.35,38.4,31.6,0.0,0.0
2015-03-25,33.53,32.11,32.37,-0.08,38.4,31.6,0.0,0.0
2015-03-24,33.31,31.97,32.45,-0.87,38.4,31.6,0.0,0.0
2015-03-23,33.39,32.0,33.32,0.97,38.4,31.6,0.0,0.0
2015-03-20,32.66,29.47,32.35,2.66,38.4,29.47,0.0,0.0
2015-03-19,30.09,29.58,29.69,-0.29,38.4,29.47,0.0,0.0
2015-03-18,30.2,29.68,29.98,0.38,38.4,29.47,0.0,0.0
2015-03-17,29.8,28.88,29.6,0.83,38.4,28.88,0.0,0.0
2015-03-16,28.93,27.96,28.77,0.54,38.4,27.96,0.0,0.0
2015-03-13,28.87,28.05,28.23,0.03,38.4,27.96,0.0,0.0
2015-03-12,28.34,27.41,28.2,0.73,38.4,27.41,0.0,0.0
2015-03-11,28.07,27.39,27.47,-0.06,36.7,27.39,0.0,0.0
2015-03-10,28.09,27.18,27.53,-0.13,34.96,27.18,0.0,0.0
2015-03-09,28.11,26.8,27.66,-0.45,34.96,26.8,0.0,0.0
2015-03-06,28.69,28.07,28.11,-0.17,34.96,26.8,0.0,0.0
2015-03-05,28.77,28.0,28.28,-0.09,34.96,26.8,0.0,0.0
2015-03-04,28.84,28.2,28.37,-0.25,34.96,26.8,0.0,0.0
2015-03-03,29.62,28.59,28.62,-1.25,33.53,26.8,0.0,0.0
2015-03-02,30.48,29.62,29.87,0.34,33.53,26.8,0.0,0.0
2015-02-27,30.1,29.48,29.53,-0.4,33.53,26.8,0.0,0.0
2015-02-26,30.18,28.04,29.93,1.19,33.53,26.8,0.0,0.0
2015-02-25,29.3,28.52,28.74,-0.44,33.39,26.8,0.0,0.0
2015-02-17,29.73,29.01,29.18,0.21,33.39,26.8,0.0,0.0
2015-02-16,29.27,28.72,28.97,-0.16,32.66,26.8,0.0,0.0
2015-02-13,29.7,29.01,29.13,0.13,30.48,26.8,0.0,0.0
2015-02-12,29.32,28.62,29.0,-0.32,30.48,26.8,0.0,0.0
2015-02-11,29.79,29.05,29.32,-0.22,30.48,26.8,0.0,0.0
2015-02-10,29.88,29.08,29.54,0.13,30.48,26.8,0.0,0.0
2015-02-09,29.89,27.99,29.41,1.1,30.48,26.8,0.0,0.0
2015-02-06,28.65,27.7,28.31,0.23,30.48,26.8,0.0,0.0
2015-02-05,29.2,28.05,28.08,0.05,30.48,26.8,0.0,0.0
2015-02-04,29.45,28.0,28.03,-0.37,30.48,26.8,0.0,0.0
2015-02-03,28.55,26.97,28.4,1.48,30.48,26.8,0.0,0.0
2015-02-02,27.57,26.69,26.92,-0.94,30.48,26.69,0.0,0.0
2015-01-30,28.72,27.78,27.86,-0.32,30.48,26.69,0.0,0.0
2015-01-29,28.58,27.81,28.18,-0.69,30.48,26.69,0.0,0.0
2015-01-28,29.76,27.91,28.87,0.82,30.48,26.69,0.0,0.0
2015-01-27,28.79,27.5,28.05,-0.57,30.48,26.69,0.0,0.0
2015-01-26,29.2,28.39,28.62,-0.59,30.18,26.69,0.0,0.0
2015-01-23,30.43,28.7,29.21,0.78,30.43,26.69,0.0,0.0
2015-01-22,28.75,28.02,28.43,-0.32,30.43,26.69,0.0,0.0
2015-01-21,29.2,26.82,28.75,2.06,30.43,26.69,0.0,0.0
2015-01-20,27.77,26.66,26.69,-2.93,30.43,26.66,0.0,0.0
2015-01-19,29.62,29.62,29.62,-3.29,30.43,26.66,0.0,0.0
2015-01-16,33.6,32.19,32.91,-0.46,33.6,26.66,0.0,0.0
2015-01-15,33.59,31.69,33.37,0.71,33.6,26.66,1.0,0.0
2015-01-14,32.94,31.86,32.66,0.49,33.6,26.66,1.0,0.0
2015-01-13,33.64,31.77,32.17,-1.36,33.64,26.66,1.0,-0.0
2015-01-12,35.38,33.23,33.53,-1.43,35.38,26.66,1.0,0.0
2015-01-09,36.9,34.41,34.96,-0.29,36.9,26.66,1.0,0.0
2015-01-08,36.7,34.68,35.25,-0.9,36.9,26.66,1.0,0.0
2015-01-07,37.25,34.29,36.15,1.44,37.25,26.66,1.0,0.0
2015-01-06,35.58,33.56,34.71,0.05,37.25,26.66,1.0,0.0
2015-01-05,35.25,33.01,34.66,0.76,37.25,26.66,1.0,0.0
2014-12-31,35.36,32.7,33.9,0.44,37.25,26.66,1.0,0.0
2014-12-30,34.58,30.88,33.46,1.27,37.25,26.66,1.0,0.0
2014-12-29,34.05,31.5,32.19,0.07,37.25,26.66,1.0,0.0
2014-12-26,32.12,28.8,32.12,2.92,37.25,26.66,1.0,0.0
2014-12-25,29.65,27.2,29.2,1.0,37.25,26.66,1.0,0.0
2014-12-24,31.8,27.92,28.2,-2.81,37.25,26.66,1.0,-0.0
2014-12-23,31.79,30.01,31.01,0.27,37.25,26.66,1.0,-0.0
2014-12-22,32.39,30.01,30.74,-1.49,37.25,26.66,1.0,0.0
2014-12-19,33.3,29.77,32.23,0.49,37.25,27.2,1.0,0.0
2014-12-18,33.3,31.5,31.74,-1.01,37.25,27.2,1.0,-0.0
2014-12-17,32.75,30.09,32.75,2.98,37.25,27.2,1.0,-0.0
2014-12-16,29.77,27.3,29.77,2.71,37.25,27.2,1.0,-0.0
2014-12-15,27.18,24.81,27.06,1.59,37.25,24.81,1.0,-0.0
2014-12-12,26.84,23.9,25.47,0.76,37.25,23.9,0.0,-0.0
2014-12-11,27.27,24.6,24.71,-2.56,37.25,23.9,0.0,-0.0
2014-12-10,27.9,24.2,27.27,0.73,37.25,23.9,0.0,-0.0
2014-12-09,28.05,24.05,26.54,1.04,37.25,23.9,0.0,-0.0
2014-12-08,25.5,22.81,25.5,2.32,35.58,22.81,0.0,-0.0
2014-12-05,23.18,21.71,23.18,2.11,35.36,21.71,0.0,-0.0
2014-12-04,21.07,19.02,21.07,1.92,35.36,19.02,0.0,-0.0
2014-12-03,20.15,18.38,19.15,0.35,34.58,18.38,0.0,-0.0
2014-12-02,19.22,17.1,18.8,1.28,34.05,17.1,0.0,-0.0
2014-12-01,18.2,17.01,17.52,0.26,33.3,17.01,0.0,-0.0
2014-11-28,17.52,16.8,17.26,-0.25,33.3,16.8,0.0,-0.0
2014-11-27,17.65,16.73,17.51,0.49,33.3,16.73,0.0,-0.0
2014-11-26,17.47,16.59,17.02,0.56,33.3,16.59,0.0,-0.0
2014-11-25,16.69,16.29,16.46,-0.08,33.3,16.29,0.0,-0.0
2014-11-24,16.88,15.88,16.54,0.97,33.3,15.88,0.0,-0.0
2014-11-21,15.68,14.47,15.57,0.97,33.3,14.47,0.0,-0.0
2014-11-20,14.76,14.38,14.6,0.2,32.75,14.38,0.0,-0.0
2014-11-19,14.65,14.34,14.4,-0.15,29.77,14.34,0.0,-0.0
2014-11-18,14.94,14.46,14.55,-0.41,28.05,14.34,0.0,-0.0
2014-11-17,15.59,14.92,14.96,-0.42,28.05,14.34,0.0,-0.0
2014-11-14,15.55,14.8,15.38,0.32,28.05,14.34,0.0,-0.0
2014-11-13,15.59,14.94,15.06,-0.32,28.05,14.34,0.0,-0.0
2014-11-12,15.43,14.06,15.38,1.12,28.05,14.06,0.0,-0.0
2014-11-11,14.88,14.05,14.26,0.14,25.5,14.05,0.0,-0.0
2014-11-10,14.2,13.71,14.12,0.49,23.18,13.71,0.0,-0.0
2014-11-07,14.13,13.21,13.63,0.45,21.07,13.21,0.0,-0.0
2014-11-06,13.3,13.06,13.18,-0.08,20.15,13.06,0.0,-0.0
2014-11-05,13.44,13.05,13.26,0.13,19.22,13.05,0.0,-0.0
2014-11-04,13.27,13.03,13.13,-0.08,18.2,13.03,0.0,-0.0
2014-11-03,13.46,13.15,13.21,-0.06,17.65,13.03,0.0,-0.0
2014-10-31,13.53,13.01,13.27,0.29,17.65,13.01,0.0,-0.0
2014-10-30,13.04,12.87,12.98,0.04,17.47,12.87,0.0,-0.0
2014-10-29,13.14,12.64,12.94,0.22,16.88,12.64,0.0,-0.0
2014-10-28,12.74,12.36,12.72,0.39,16.88,12.36,0.0,-0.0
2014-10-27,12.48,12.25,12.33,-0.35,15.68,12.25,0.0,-0.0
